{
  "main": {
    "id": "4e62b97f43a1477d",
    "type": "split",
    "children": [
      {
        "id": "21a64e87dd93d9b0",
        "type": "tabs",
        "children": [
          {
            "id": "83ee059858f43835",
            "type": "leaf",
            "state": {
              "type": "markdown",
              "state": {
                "file": "contests/500014. FunContest ВКОШП junior 2023.md",
                "mode": "preview",
                "source": true
              },
              "icon": "lucide-file",
              "title": "500014. FunContest ВКОШП junior 2023"
            }
          },
          {
            "id": "06533f5ad4efc04e",
            "type": "leaf",
            "state": {
              "type": "markdown",
              "state": {
                "file": "Статистика.md",
                "mode": "preview",
                "source": false
              },
              "icon": "lucide-file",
              "title": "Статистика"
            }
          },
          {
            "id": "645e8eb2acd54acf",
            "type": "leaf",
            "state": {
              "type": "markdown",
              "state": {
                "file": "contests/201814. Тренировка к всеросу 7. Кто не решит геому, тот из Саратова.md",
                "mode": "preview",
                "source": false
              },
              "icon": "lucide-file",
              "title": "201814. Тренировка к всеросу 7. Кто не решит геому, тот из Саратова"
            }
          }
        ],
        "currentTab": 2
      }
    ],
    "direction": "vertical"
  },
  "left": {
    "id": "7c1445c082bb9db5",
    "type": "split",
    "children": [
      {
        "id": "c4913c67207ea97d",
        "type": "tabs",
        "children": [
          {
            "id": "daf204510f75044f",
            "type": "leaf",
            "state": {
              "type": "file-explorer",
              "state": {
                "sortOrder": "alphabetical",
                "autoReveal": false
              },
              "icon": "lucide-folder-closed",
              "title": "Files"
            }
          },
          {
            "id": "c677a437852b7112",
            "type": "leaf",
            "state": {
              "type": "search",
              "state": {
                "query": "",
                "matchingCase": false,
                "explainSearch": false,
                "collapseAll": false,
                "extraContext": false,
                "sortOrder": "alphabetical"
              },
              "icon": "lucide-search",
              "title": "Search"
            }
          },
          {
            "id": "f215f7830b0dd2aa",
            "type": "leaf",
            "state": {
              "type": "bookmarks",
              "state": {},
              "icon": "lucide-bookmark",
              "title": "Bookmarks"
            }
          }
        ]
      }
    ],
    "direction": "horizontal",
    "width": 382.5
  },
  "right": {
    "id": "ad1689df2c68635d",
    "type": "split",
    "children": [
      {
        "id": "377461e5c933bd5e",
        "type": "tabs",
        "children": [
          {
            "id": "32695945ef544176",
            "type": "leaf",
            "state": {
              "type": "backlink",
              "state": {
                "file": "View contest.md",
                "collapseAll": false,
                "extraContext": false,
                "sortOrder": "alphabetical",
                "showSearch": false,
                "searchQuery": "",
                "backlinkCollapsed": false,
                "unlinkedCollapsed": true
              },
              "icon": "links-coming-in",
              "title": "Backlinks for View contest"
            }
          },
          {
            "id": "b20c9dcd72e7e560",
            "type": "leaf",
            "state": {
              "type": "outgoing-link",
              "state": {
                "file": "Welcome.md",
                "linksCollapsed": false,
                "unlinkedCollapsed": true
              },
              "icon": "links-going-out",
              "title": "Outgoing links from Welcome"
            }
          },
          {
            "id": "2367f037eb4605b9",
            "type": "leaf",
            "state": {
              "type": "tag",
              "state": {
                "sortOrder": "frequency",
                "useHierarchy": true,
                "showSearch": false,
                "searchQuery": ""
              },
              "icon": "lucide-tags",
              "title": "Tags"
            }
          },
          {
            "id": "8bad4d8d5efa6fa5",
            "type": "leaf",
            "state": {
              "type": "all-properties",
              "state": {
                "sortOrder": "frequency",
                "showSearch": false,
                "searchQuery": ""
              },
              "icon": "lucide-archive",
              "title": "All properties"
            }
          },
          {
            "id": "57e5e31e10baf4b3",
            "type": "leaf",
            "state": {
              "type": "outline",
              "state": {
                "file": "Welcome.md",
                "followCursor": false,
                "showSearch": false,
                "searchQuery": ""
              },
              "icon": "lucide-list",
              "title": "Outline of Welcome"
            }
          }
        ]
      }
    ],
    "direction": "horizontal",
    "width": 300,
    "collapsed": true
  },
  "left-ribbon": {
    "hiddenItems": {
      "switcher:Open quick switcher": false,
      "graph:Open graph view": false,
      "canvas:Create new canvas": false,
      "daily-notes:Open today's daily note": false,
      "templates:Insert template": false,
      "command-palette:Open command palette": false,
      "bases:Create new base": false,
      "vantage-obsidian:Vantage - Advanced search builder": false,
      "templater-obsidian:Templater": false
    }
  },
  "active": "645e8eb2acd54acf",
  "lastOpenFiles": [
    "Контесты.md",
    "Contest 203126.md",
    "View contest.md",
    "Статистика.md",
    "contests/301600. Группа 3. Комбинаторика.md",
    "contests/500011. Экзамен для поступающих в 10 класс. Вариант 2.md",
    "contests/500012. SQL - Запросы к одной таблице.md",
    "contests/500014. FunContest ВКОШП junior 2023.md",
    "contests/500015. Группа avdeeva. Алгоритм Хаффмана.md",
    "contests/500027. Бонусный имба-контест.md",
    "contests/201700. Группа 4. Декартово дерево.md",
    "contests/000100. База юзеров школы летово (с почтой в @student.letovo.ru).md",
    "contests/000001. Test contest.md",
    "contests/000020. Вступительная в майскую школу.md",
    "000017. Летний Контест ФМШ 2007.md",
    "contests/200114. Очереди.md",
    "contests/003203. Дерево отрезков.md",
    "contests/300805. Олимпиадная информатика-5. Занятие 6. Паросочетания. Часть 1.md",
    "contests/000016. Весна 2018. 2 тур.md",
    "contests/300405. Олимпиадная информатика-1. Занятие 6. Динамическое программирование. Часть 2. Пять китов динамики..md",
    "tasks/informatics/175.md",
    "contests/003104. Параллель C. DFS+BFS.md",
    "tasks/letovo/002296A.md",
    "contests/002296. Новогодний контест 2024.md",
    "contests/002295. Новогодний контест 2025.md",
    "contests/000015. Весна 2018. 1 тур.md",
    "tasks/attachments/letovo_203160_G_statement.xml",
    "tasks/attachments/letovo_203160_F_statement.xml",
    "tasks/attachments/letovo_203160_E_statement.xml",
    "tasks/attachments/letovo_203160_D_statement.xml",
    "tasks/attachments/letovo_203160_C_statement.xml",
    "tasks/attachments/letovo_203160_B_statement.xml",
    "tasks/attachments/letovo_203160_A_statement.xml",
    "tasks/attachments/letovo_203160_G_01a.png",
    "tasks/attachments/letovo_203160_G_01.png",
    "tasks/attachments/letovo_203160_A_01.png",
    "tasks/attachments/letovo_203160_F_01a.png",
    "tasks/attachments/letovo_203160_F_01.png",
    "tasks/attachments/letovo_203160_E_01a.png",
    "tasks/attachments/letovo_203160_E_01.png",
    "tasks/attachments/letovo_203160_D_01a.png",
    "tasks/attachments/letovo_203160_D_01.png",
    "tasks/attachments/letovo_203160_C_01a.png",
    "tasks/attachments",
    "tasks/letovo",
    "Untitled"
  ]
}